review,sentiment
"I'm not happy with the VisionCast UltraView 43. The picture quality is subpar and the TV arrived with a scratch on the screen. I expected better quality control. - Sarah, Los Angeles",0
"J'ai acheté le Luminary Displays CrystalClear 60 et je suis déçu. La qualité de l'image n'est pas à la hauteur du prix. Je ne recommanderais pas ce téléviseur. - Marie, Québec",0
"I purchased the PixelPioneer Quantum 50 and I'm not impressed. The TV arrived late but the picture quality is relatively good. - Olivia, Birmingham",0
"I bought the AudioVista AV-500 and I'm not happy. The sound is very good, but this is the only good feature. For the price, I expected more. - Sarah, London",0
"I have a probem with my recent AudioVoyage BassJourney purchase. The sound quality is good and it's water-resistant. However, the shipment was delayed, which was frustrating a lot. - Oliver, Birmingham",0
"J'ai acheté l'EchoDome ED-300 récemment. Le son est agréable et spacieux, mais le système est arrivé endommagé. Pour le prix, j'aurais pu mieux faire. - Thomas, Québec",1
"Comprei o QuantumCanvas ArtView 65 e estou satisfeito. A qualidade da imagem é incrível e o controle remoto por voz é muito conveniente. No entanto, a entrega atrasou dois dias. - Maria, Salvador",1
"I am satisfied with my SonicPulse BassBoom Pro. The sound quality is excellent and the battery lasts a long time. However, the price seems a bit high to me. - Pierre, Montreal",1
"Adorei o meu SonicPulse HarmonyTravel. É compacto, tem luzes LED e a qualidade do som é incrível. Vale cada centavo! - Paulo, São Paulo",1
"I purchased the PixelPioneer Quantum 80 and it's worth every penny. The 8K resolution is mind-blowing and the voice control remote is very convenient. Highly recommended! - James, Manchester",1
